{
   "dashboards": [{
      "autoswitchEnabled": false,
      "columnCount": 1,
      "columnProportion": "1-1",
      "creationTime": 1654178671128,
      "dashboardNavigations": {},
      "description": "",
      "disabled": false,
      "gridsterMaxColumns": 12,
      "hidden": false,
      "homeTab": false,
      "id": "6c538de8-6488-49c0-b369-b546a101a322",
      "importAttempts": 0,
      "importComplete": true,
      "lastUpdateTime": 1654180060936,
      "lastUpdateUserId": "eca838d5-ad06-4094-9f66-692e3d1c01f2",
      "locked": false,
      "name": "Shared Dashboards (GBrandon)/Inventory/VM Operations",
      "namePath": "Shared Dashboards (GBrandon)/Inventory",
      "rank": 0,
      "shared": false,
      "states": [{
         "key": "permDashboardTime_dashboard_6c538de8-6488-49c0-b369-b546a101a322",
         "value": "o%3AdateRange%3Ds%253Alast7Days%5EdateRangeText%3Ds%253A7D"
      }],
      "temporary": false,
      "userId": "eca838d5-ad06-4094-9f66-692e3d1c01f2",
      "widgetInteractions": [
         {
            "type": "resourceId",
            "widgetIdProvider": "144c71a9-5ef4-4bd1-879c-e8d5a627038e",
            "widgetIdReceiver": "473758ba-a96d-4100-9824-edb929a2c1da"
         },
         {
            "type": "resourceId",
            "widgetIdProvider": "144c71a9-5ef4-4bd1-879c-e8d5a627038e",
            "widgetIdReceiver": "54387c83-8fc4-4eb0-9b70-3043d41d3b58"
         },
         {
            "type": "resourceId",
            "widgetIdProvider": "144c71a9-5ef4-4bd1-879c-e8d5a627038e",
            "widgetIdReceiver": "04ebaa8a-ca2a-4a94-bdd5-ec72dd099696"
         },
         {
            "type": "resourceId",
            "widgetIdProvider": "144c71a9-5ef4-4bd1-879c-e8d5a627038e",
            "widgetIdReceiver": "68359a3d-4245-450b-99d7-5a6f5648845e"
         }
      ],
      "widgets": [
         {
            "collapsed": false,
            "config": {
               "additionalColumns": [],
               "customFilter": {
                  "excludedResources": null,
                  "filter": [],
                  "includedResources": null
               },
               "depth": 1,
               "filterMode": "tagPicker",
               "mode": "all",
               "refreshContent": {"refreshContent": false},
               "refreshInterval": 300,
               "relationshipMode": {"relationshipMode": 0},
               "resource": [],
               "selectFirstRow": {"selectFirstRow": true},
               "selfProvider": {"selfProvider": true},
               "tagFilter": {
                  "path": [
                     "/source/kind/kind:resourceKind:id:0_::_",
                     "/source/kind/kind:resourceKind:id:1_::_",
                     "/source/kind/kind:resourceKind:id:2_::_",
                     "/source/kind/kind:resourceKind:id:3_::_"
                  ],
                  "value": {
                     "adapterInstance": [],
                     "adapterKind": [],
                     "bus": [],
                     "collector": [],
                     "day": [],
                     "exclaim": false,
                     "healthRange": [],
                     "kind": [
                        "resourceKind:id:0_::_",
                        "resourceKind:id:1_::_",
                        "resourceKind:id:2_::_",
                        "resourceKind:id:3_::_"
                     ],
                     "maintenanceSchedule": [],
                     "state": [],
                     "status": [],
                     "tag": [],
                     "tier": []
                  }
               },
               "title": "Select an Environment"
            },
            "gridsterCoords": {
               "h": 7,
               "w": 3,
               "x": 1,
               "y": 1
            },
            "height": 381,
            "id": "144c71a9-5ef4-4bd1-879c-e8d5a627038e",
            "states": [
               {
                  "key": "perm_toolbarVisible_widget_6c538de8-6488-49c0-b369-b546a101a322_144c71a9-5ef4-4bd1-879c-e8d5a627038e",
                  "value": "b%3A0"
               },
               {
                  "key": "permResGrid_widget_6c538de8-6488-49c0-b369-b546a101a322_144c71a9-5ef4-4bd1-879c-e8d5a627038e",
                  "value": "o%3Acolumns%3Da%253Ao%25253Aid%25253Ds%2525253Ah1%25255Ehidden%25253Db%2525253A1%25255Ewidth%25253Dn%2525253A100%255Eo%25253Aid%25253Ds%2525253Ah2%255Eo%25253Aid%25253Ds%2525253Ah3%25255Ehidden%25253Db%2525253A1%25255Ewidth%25253Dn%2525253A100%255Eo%25253Aid%25253Ds%2525253Ah4%25255Ehidden%25253Db%2525253A1%255Eo%25253Aid%25253Ds%2525253Ah5%255Eo%25253Aid%25253Ds%2525253Ah6%25255Ehidden%25253Db%2525253A1%255Eo%25253Aid%25253Ds%2525253Ah7%25255Ehidden%25253Db%2525253A1%25255Ewidth%25253Dn%2525253A100%255Eo%25253Aid%25253Ds%2525253Ah8%25255Ehidden%25253Db%2525253A1%25255Ewidth%25253Dn%2525253A100%255Eo%25253Aid%25253Ds%2525253Ah9%25255Ehidden%25253Db%2525253A1%25255Ewidth%25253Dn%2525253A100%255Eo%25253Aid%25253Ds%2525253Ah10%25255Ehidden%25253Db%2525253A1%25255Ewidth%25253Dn%2525253A100%255Eo%25253Aid%25253Ds%2525253Ah11%25255Ehidden%25253Db%2525253A1%25255Ewidth%25253Dn%2525253A100%255Eo%25253Aid%25253Ds%2525253Ah12%25255Ehidden%25253Db%2525253A1%25255Ewidth%25253Dn%2525253A100%255Eo%25253Aid%25253Ds%2525253Ah13%25255Ehidden%25253Db%2525253A1%25255Ewidth%25253Dn%2525253A100%255Eo%25253Aid%25253Ds%2525253Ah14%25255Ehidden%25253Db%2525253A1%255Eo%25253Aid%25253Ds%2525253Ah15%25255Ehidden%25253Db%2525253A1%255Eo%25253Aid%25253Ds%2525253Ah16%25255Ehidden%25253Db%2525253A1%25255Ewidth%25253Dn%2525253A100%255Eo%25253Aid%25253Ds%2525253AresourceRating%25255Ehidden%25253Db%2525253A1%255Eo%25253Aid%25253Ds%2525253Ah18%25255Ehidden%25253Db%2525253A1%25255Ewidth%25253Dn%2525253A100%255Eo%25253Aid%25253Ds%2525253Ah19%25255Ehidden%25253Db%2525253A1%25255Ewidth%25253Dn%2525253A100%255Eo%25253Aid%25253Ds%2525253Ah20%25255Ehidden%25253Db%2525253A1%25255Ewidth%25253Dn%2525253A100%255Eo%25253Aid%25253Ds%2525253Ah21%25255Ehidden%25253Db%2525253A1%25255Ewidth%25253Dn%2525253A100%255Eo%25253Aid%25253Ds%2525253Ah22%25255Ehidden%25253Db%2525253A1%25255Ewidth%25253Dn%2525253A100%255Eo%25253Aid%25253Ds%2525253Ah23%25255Ehidden%25253Db%2525253A1%25255Ewidth%25253Dn%2525253A100%255Eo%25253Aid%25253Ds%2525253Ah24%25255Ehidden%25253Db%2525253A1%25255Ewidth%25253Dn%2525253A100%255Eo%25253Aid%25253Ds%2525253Ah25%25255Ehidden%25253Db%2525253A1%25255Ewidth%25253Dn%2525253A100%255Eo%25253Aid%25253Ds%2525253Ah26%25255Ehidden%25253Db%2525253A1%25255Ewidth%25253Dn%2525253A100%255Eo%25253Aid%25253Ds%2525253Ah27%25255Ehidden%25253Db%2525253A1%25255Ewidth%25253Dn%2525253A100%255Eo%25253Aid%25253Ds%2525253Ah28%25255Ehidden%25253Db%2525253A1%25255Ewidth%25253Dn%2525253A100%255Eo%25253Aid%25253Ds%2525253Ah29%25255Ehidden%25253Db%2525253A1%25255Ewidth%25253Dn%2525253A100%255Eo%25253Aid%25253Ds%2525253Ah30%25255Ehidden%25253Db%2525253A1%25255Ewidth%25253Dn%2525253A100%255Eo%25253Aid%25253Ds%2525253Ah31%25255Ehidden%25253Db%2525253A1%25255Ewidth%25253Dn%2525253A100%255Eo%25253Aid%25253Ds%2525253Ah32%25255Ehidden%25253Db%2525253A1%25255Ewidth%25253Dn%2525253A100%255Eo%25253Aid%25253Ds%2525253Ah33%25255Ehidden%25253Db%2525253A1%25255Ewidth%25253Dn%2525253A100%255Eo%25253Aid%25253Ds%2525253Ah34%25255Ehidden%25253Db%2525253A1%25255Ewidth%25253Dn%2525253A100%255Eo%25253Aid%25253Ds%2525253Ah35%25255Ehidden%25253Db%2525253A1%25255Ewidth%25253Dn%2525253A100%255Eo%25253Aid%25253Ds%2525253Ah36%25255Ehidden%25253Db%2525253A1%25255Ewidth%25253Dn%2525253A100%255Eo%25253Aid%25253Ds%2525253Ah37%25255Ehidden%25253Db%2525253A1%25255Ewidth%25253Dn%2525253A100%255Eo%25253Aid%25253Ds%2525253Ah38%25255Ehidden%25253Db%2525253A1%25255Ewidth%25253Dn%2525253A100%255Eo%25253Aid%25253Ds%2525253Ah39%25255Ehidden%25253Db%2525253A1%25255Ewidth%25253Dn%2525253A100%255Eo%25253Aid%25253Ds%2525253Ah40%25255Ehidden%25253Db%2525253A1%25255Ewidth%25253Dn%2525253A100%255Eo%25253Aid%25253Ds%2525253Ah41%25255Ehidden%25253Db%2525253A1%25255Ewidth%25253Dn%2525253A100%255Eo%25253Aid%25253Ds%2525253Ah42%25255Ehidden%25253Db%2525253A1%25255Ewidth%25253Dn%2525253A100%255Eo%25253Aid%25253Ds%2525253Ah43%25255Ehidden%25253Db%2525253A1%25255Ewidth%25253Dn%2525253A100%255Eo%25253Aid%25253Ds%2525253Ah44%25255Ehidden%25253Db%2525253A1%25255Ewidth%25253Dn%2525253A100%255Eo%25253Aid%25253Ds%2525253Ah45%25255Ehidden%25253Db%2525253A1%25255Ewidth%25253Dn%2525253A100%255Eo%25253Aid%25253Ds%2525253Ah46%25255Ehidden%25253Db%2525253A1%25255Ewidth%25253Dn%2525253A100%255Eo%25253Aid%25253Ds%2525253Ah47%25255Ehidden%25253Db%2525253A1%25255Ewidth%25253Dn%2525253A100%5EstoreState%3Do%253Asorters%253Da%25253Ao%2525253Aroot%2525253Ds%252525253Adata%2525255Eproperty%2525253Ds%252525253AresourceKind%2525255Edirection%2525253Ds%252525253ADESC%2525255Eid%2525253Ds%252525253AresourceKind"
               }
            ],
            "title": "Select an Environment",
            "type": "ResourceList"
         },
         {
            "collapsed": false,
            "config": {
               "customFilter": {
                  "excludedResources": null,
                  "filter": [],
                  "includedResources": null
               },
               "depth": 1,
               "metric": {
                  "mode": "resourceKind",
                  "resourceKindMetrics": [
                     {
                        "colorMethod": 2,
                        "handleOldColoring": false,
                        "id": "extModel9678-1",
                        "isStringMetric": false,
                        "metricKey": "vmop|inventoryChange|numClone_latest",
                        "metricName": "Number of VM Operations|Inventory|VM Clone",
                        "orangeBound": null,
                        "redBound": null,
                        "resourceKindId": "resourceKind:id:2_::_",
                        "resourceKindName": "vSphere World",
                        "yellowBound": null
                     },
                     {
                        "colorMethod": 2,
                        "handleOldColoring": false,
                        "id": "extModel9678-2",
                        "isStringMetric": false,
                        "metricKey": "vmop|inventoryChange|numCreate_latest",
                        "metricName": "Number of VM Operations|Inventory|VM Create",
                        "orangeBound": null,
                        "redBound": null,
                        "resourceKindId": "resourceKind:id:2_::_",
                        "resourceKindName": "vSphere World",
                        "yellowBound": null
                     },
                     {
                        "colorMethod": 2,
                        "handleOldColoring": false,
                        "id": "extModel9678-3",
                        "isStringMetric": false,
                        "metricKey": "vmop|inventoryChange|numDestroy_latest",
                        "metricName": "Number of VM Operations|Inventory|VM Delete",
                        "orangeBound": null,
                        "redBound": null,
                        "resourceKindId": "resourceKind:id:2_::_",
                        "resourceKindName": "vSphere World",
                        "yellowBound": null
                     },
                     {
                        "colorMethod": 2,
                        "handleOldColoring": false,
                        "id": "extModel9678-4",
                        "isStringMetric": false,
                        "metricKey": "vmop|inventoryChange|numReconfigure_latest",
                        "metricName": "Number of VM Operations|Inventory|VM Reconfigure",
                        "orangeBound": null,
                        "redBound": null,
                        "resourceKindId": "resourceKind:id:2_::_",
                        "resourceKindName": "vSphere World",
                        "yellowBound": null
                     },
                     {
                        "colorMethod": 2,
                        "handleOldColoring": false,
                        "id": "extModel9678-5",
                        "isStringMetric": false,
                        "metricKey": "vmop|inventoryChange|numRegister_latest",
                        "metricName": "Number of VM Operations|Inventory|VM Register",
                        "orangeBound": null,
                        "redBound": null,
                        "resourceKindId": "resourceKind:id:2_::_",
                        "resourceKindName": "vSphere World",
                        "yellowBound": null
                     },
                     {
                        "colorMethod": 2,
                        "handleOldColoring": false,
                        "id": "extModel9678-6",
                        "isStringMetric": false,
                        "metricKey": "vmop|inventoryChange|numDeploy_latest",
                        "metricName": "Number of VM Operations|Inventory|VM Template Deploy",
                        "orangeBound": null,
                        "redBound": null,
                        "resourceKindId": "resourceKind:id:2_::_",
                        "resourceKindName": "vSphere World",
                        "yellowBound": null
                     },
                     {
                        "colorMethod": 2,
                        "handleOldColoring": false,
                        "id": "extModel9678-7",
                        "isStringMetric": false,
                        "metricKey": "vmop|inventoryChange|numUnregister_latest",
                        "metricName": "Number of VM Operations|Inventory|VM Unregister",
                        "orangeBound": null,
                        "redBound": null,
                        "resourceKindId": "resourceKind:id:2_::_",
                        "resourceKindName": "vSphere World",
                        "yellowBound": null
                     },
                     {
                        "colorMethod": 2,
                        "handleOldColoring": false,
                        "id": "extModel18037-1",
                        "isStringMetric": false,
                        "metricKey": "vmop|inventoryChange|numClone_latest",
                        "metricName": "Number of VM Operations|Inventory|VM Clone",
                        "orangeBound": null,
                        "redBound": null,
                        "resourceKindId": "resourceKind:id:1_::_",
                        "resourceKindName": "vCenter Server",
                        "yellowBound": null
                     },
                     {
                        "colorMethod": 2,
                        "handleOldColoring": false,
                        "id": "extModel18037-2",
                        "isStringMetric": false,
                        "metricKey": "vmop|inventoryChange|numCreate_latest",
                        "metricName": "Number of VM Operations|Inventory|VM Create",
                        "orangeBound": null,
                        "redBound": null,
                        "resourceKindId": "resourceKind:id:1_::_",
                        "resourceKindName": "vCenter Server",
                        "yellowBound": null
                     },
                     {
                        "colorMethod": 2,
                        "handleOldColoring": false,
                        "id": "extModel18037-3",
                        "isStringMetric": false,
                        "metricKey": "vmop|inventoryChange|numDestroy_latest",
                        "metricName": "Number of VM Operations|Inventory|VM Delete",
                        "orangeBound": null,
                        "redBound": null,
                        "resourceKindId": "resourceKind:id:1_::_",
                        "resourceKindName": "vCenter Server",
                        "yellowBound": null
                     },
                     {
                        "colorMethod": 2,
                        "handleOldColoring": false,
                        "id": "extModel18037-4",
                        "isStringMetric": false,
                        "metricKey": "vmop|inventoryChange|numReconfigure_latest",
                        "metricName": "Number of VM Operations|Inventory|VM Reconfigure",
                        "orangeBound": null,
                        "redBound": null,
                        "resourceKindId": "resourceKind:id:1_::_",
                        "resourceKindName": "vCenter Server",
                        "yellowBound": null
                     },
                     {
                        "colorMethod": 2,
                        "handleOldColoring": false,
                        "id": "extModel18037-5",
                        "isStringMetric": false,
                        "metricKey": "vmop|inventoryChange|numRegister_latest",
                        "metricName": "Number of VM Operations|Inventory|VM Register",
                        "orangeBound": null,
                        "redBound": null,
                        "resourceKindId": "resourceKind:id:1_::_",
                        "resourceKindName": "vCenter Server",
                        "yellowBound": null
                     },
                     {
                        "colorMethod": 2,
                        "handleOldColoring": false,
                        "id": "extModel18037-6",
                        "isStringMetric": false,
                        "metricKey": "vmop|inventoryChange|numDeploy_latest",
                        "metricName": "Number of VM Operations|Inventory|VM Template Deploy",
                        "orangeBound": null,
                        "redBound": null,
                        "resourceKindId": "resourceKind:id:1_::_",
                        "resourceKindName": "vCenter Server",
                        "yellowBound": null
                     },
                     {
                        "colorMethod": 2,
                        "handleOldColoring": false,
                        "id": "extModel18037-7",
                        "isStringMetric": false,
                        "metricKey": "vmop|inventoryChange|numUnregister_latest",
                        "metricName": "Number of VM Operations|Inventory|VM Unregister",
                        "orangeBound": null,
                        "redBound": null,
                        "resourceKindId": "resourceKind:id:1_::_",
                        "resourceKindName": "vCenter Server",
                        "yellowBound": null
                     },
                     {
                        "colorMethod": 2,
                        "handleOldColoring": false,
                        "id": "extModel18037-8",
                        "isStringMetric": false,
                        "metricKey": "vmop|inventoryChange|numClone_latest",
                        "metricName": "Number of VM Operations|Inventory|VM Clone",
                        "orangeBound": null,
                        "redBound": null,
                        "resourceKindId": "resourceKind:id:0_::_",
                        "resourceKindName": "Datacenter",
                        "yellowBound": null
                     },
                     {
                        "colorMethod": 2,
                        "handleOldColoring": false,
                        "id": "extModel18037-9",
                        "isStringMetric": false,
                        "metricKey": "vmop|inventoryChange|numCreate_latest",
                        "metricName": "Number of VM Operations|Inventory|VM Create",
                        "orangeBound": null,
                        "redBound": null,
                        "resourceKindId": "resourceKind:id:0_::_",
                        "resourceKindName": "Datacenter",
                        "yellowBound": null
                     },
                     {
                        "colorMethod": 2,
                        "handleOldColoring": false,
                        "id": "extModel18037-10",
                        "isStringMetric": false,
                        "metricKey": "vmop|inventoryChange|numDestroy_latest",
                        "metricName": "Number of VM Operations|Inventory|VM Delete",
                        "orangeBound": null,
                        "redBound": null,
                        "resourceKindId": "resourceKind:id:0_::_",
                        "resourceKindName": "Datacenter",
                        "yellowBound": null
                     },
                     {
                        "colorMethod": 2,
                        "handleOldColoring": false,
                        "id": "extModel18037-11",
                        "isStringMetric": false,
                        "metricKey": "vmop|inventoryChange|numReconfigure_latest",
                        "metricName": "Number of VM Operations|Inventory|VM Reconfigure",
                        "orangeBound": null,
                        "redBound": null,
                        "resourceKindId": "resourceKind:id:0_::_",
                        "resourceKindName": "Datacenter",
                        "yellowBound": null
                     },
                     {
                        "colorMethod": 2,
                        "handleOldColoring": false,
                        "id": "extModel18037-12",
                        "isStringMetric": false,
                        "metricKey": "vmop|inventoryChange|numRegister_latest",
                        "metricName": "Number of VM Operations|Inventory|VM Register",
                        "orangeBound": null,
                        "redBound": null,
                        "resourceKindId": "resourceKind:id:0_::_",
                        "resourceKindName": "Datacenter",
                        "yellowBound": null
                     },
                     {
                        "colorMethod": 2,
                        "handleOldColoring": false,
                        "id": "extModel18037-13",
                        "isStringMetric": false,
                        "metricKey": "vmop|inventoryChange|numDeploy_latest",
                        "metricName": "Number of VM Operations|Inventory|VM Template Deploy",
                        "orangeBound": null,
                        "redBound": null,
                        "resourceKindId": "resourceKind:id:0_::_",
                        "resourceKindName": "Datacenter",
                        "yellowBound": null
                     },
                     {
                        "colorMethod": 2,
                        "handleOldColoring": false,
                        "id": "extModel18037-14",
                        "isStringMetric": false,
                        "metricKey": "vmop|inventoryChange|numUnregister_latest",
                        "metricName": "Number of VM Operations|Inventory|VM Unregister",
                        "orangeBound": null,
                        "redBound": null,
                        "resourceKindId": "resourceKind:id:0_::_",
                        "resourceKindName": "Datacenter",
                        "yellowBound": null
                     },
                     {
                        "colorMethod": 2,
                        "handleOldColoring": false,
                        "id": "extModel18037-15",
                        "isStringMetric": false,
                        "metricKey": "vmop|inventoryChange|numClone_latest",
                        "metricName": "Number of VM Operations|Inventory|VM Clone",
                        "orangeBound": null,
                        "redBound": null,
                        "resourceKindId": "resourceKind:id:3_::_",
                        "resourceKindName": "Cluster Compute Resource",
                        "yellowBound": null
                     },
                     {
                        "colorMethod": 2,
                        "handleOldColoring": false,
                        "id": "extModel18037-16",
                        "isStringMetric": false,
                        "metricKey": "vmop|inventoryChange|numCreate_latest",
                        "metricName": "Number of VM Operations|Inventory|VM Create",
                        "orangeBound": null,
                        "redBound": null,
                        "resourceKindId": "resourceKind:id:3_::_",
                        "resourceKindName": "Cluster Compute Resource",
                        "yellowBound": null
                     },
                     {
                        "colorMethod": 2,
                        "handleOldColoring": false,
                        "id": "extModel18037-17",
                        "isStringMetric": false,
                        "metricKey": "vmop|inventoryChange|numDestroy_latest",
                        "metricName": "Number of VM Operations|Inventory|VM Delete",
                        "orangeBound": null,
                        "redBound": null,
                        "resourceKindId": "resourceKind:id:3_::_",
                        "resourceKindName": "Cluster Compute Resource",
                        "yellowBound": null
                     },
                     {
                        "colorMethod": 2,
                        "handleOldColoring": false,
                        "id": "extModel18037-18",
                        "isStringMetric": false,
                        "metricKey": "vmop|inventoryChange|numReconfigure_latest",
                        "metricName": "Number of VM Operations|Inventory|VM Reconfigure",
                        "orangeBound": null,
                        "redBound": null,
                        "resourceKindId": "resourceKind:id:3_::_",
                        "resourceKindName": "Cluster Compute Resource",
                        "yellowBound": null
                     },
                     {
                        "colorMethod": 2,
                        "handleOldColoring": false,
                        "id": "extModel18037-19",
                        "isStringMetric": false,
                        "metricKey": "vmop|inventoryChange|numRegister_latest",
                        "metricName": "Number of VM Operations|Inventory|VM Register",
                        "orangeBound": null,
                        "redBound": null,
                        "resourceKindId": "resourceKind:id:3_::_",
                        "resourceKindName": "Cluster Compute Resource",
                        "yellowBound": null
                     },
                     {
                        "colorMethod": 2,
                        "handleOldColoring": false,
                        "id": "extModel18037-20",
                        "isStringMetric": false,
                        "metricKey": "vmop|inventoryChange|numDeploy_latest",
                        "metricName": "Number of VM Operations|Inventory|VM Template Deploy",
                        "orangeBound": null,
                        "redBound": null,
                        "resourceKindId": "resourceKind:id:3_::_",
                        "resourceKindName": "Cluster Compute Resource",
                        "yellowBound": null
                     },
                     {
                        "colorMethod": 2,
                        "handleOldColoring": false,
                        "id": "extModel18037-21",
                        "isStringMetric": false,
                        "metricKey": "vmop|inventoryChange|numUnregister_latest",
                        "metricName": "Number of VM Operations|Inventory|VM Unregister",
                        "orangeBound": null,
                        "redBound": null,
                        "resourceKindId": "resourceKind:id:3_::_",
                        "resourceKindName": "Cluster Compute Resource",
                        "yellowBound": null
                     }
                  ],
                  "resourceMetrics": [],
                  "subMode": "resourceKindAll"
               },
               "refreshContent": {"refreshContent": false},
               "refreshInterval": 300,
               "relationshipMode": {"relationshipMode": 0},
               "resInteractionMode": null,
               "resource": [],
               "selfProvider": {"selfProvider": false},
               "title": "Inventory Operations"
            },
            "gridsterCoords": {
               "h": 10,
               "w": 4,
               "x": 1,
               "y": 8
            },
            "height": 551,
            "id": "473758ba-a96d-4100-9824-edb929a2c1da",
            "states": [
               {
                  "key": "permBtn_zoomAllGraphs_permMetricChart_widget_6c538de8-6488-49c0-b369-b546a101a322_473758ba-a96d-4100-9824-edb929a2c1da",
                  "value": "b%3A0"
               },
               {
                  "key": "permDateRange1_permMetricChart_widget_6c538de8-6488-49c0-b369-b546a101a322_473758ba-a96d-4100-9824-edb929a2c1da",
                  "value": "s%3A%7B%22dateRange%22%3A%22dashboardTime%22%2C%22dateFrom%22%3Anull%2C%22dateTo%22%3Anull%2C%22timeFrom%22%3Anull%2C%22timeTo%22%3Anull%7D"
               },
               {
                  "key": "perm_toolbarVisible_widget_6c538de8-6488-49c0-b369-b546a101a322_473758ba-a96d-4100-9824-edb929a2c1da",
                  "value": "b%3A0"
               },
               {
                  "key": "permBtn_splitGraphs_permMetricChart_widget_6c538de8-6488-49c0-b369-b546a101a322_473758ba-a96d-4100-9824-edb929a2c1da",
                  "value": "b%3A0"
               },
               {
                  "key": "permMetricChart_widget_6c538de8-6488-49c0-b369-b546a101a322_473758ba-a96d-4100-9824-edb929a2c1da",
                  "value": "o%3A"
               },
               {
                  "key": "permBtn_pan_permMetricChart_widget_6c538de8-6488-49c0-b369-b546a101a322_473758ba-a96d-4100-9824-edb929a2c1da",
                  "value": "b%3A0"
               },
               {
                  "key": "permBtn_stackedGraph_permMetricChart_widget_6c538de8-6488-49c0-b369-b546a101a322_473758ba-a96d-4100-9824-edb929a2c1da",
                  "value": "b%3A1"
               }
            ],
            "title": "Inventory Operations",
            "type": "MetricChart"
         },
         {
            "collapsed": false,
            "config": {
               "customFilter": {
                  "excludedResources": null,
                  "filter": [],
                  "includedResources": null
               },
               "depth": 1,
               "metric": {
                  "mode": "resourceKind",
                  "resourceKindMetrics": [
                     {
                        "colorMethod": 2,
                        "handleOldColoring": false,
                        "id": "extModel14118-1",
                        "isStringMetric": false,
                        "metricKey": "vmop|locationChange|numSVMotion_latest",
                        "metricName": "Number of VM Operations|Location|Storage vMotion",
                        "orangeBound": null,
                        "redBound": null,
                        "resourceKindId": "resourceKind:id:2_::_",
                        "resourceKindName": "vSphere World",
                        "yellowBound": null
                     },
                     {
                        "colorMethod": 2,
                        "handleOldColoring": false,
                        "id": "extModel14118-2",
                        "isStringMetric": false,
                        "metricKey": "vmop|locationChange|numChangeDS_latest",
                        "metricName": "Number of VM Operations|Location|VM Datastore Change (powered-off VMs)",
                        "orangeBound": null,
                        "redBound": null,
                        "resourceKindId": "resourceKind:id:2_::_",
                        "resourceKindName": "vSphere World",
                        "yellowBound": null
                     },
                     {
                        "colorMethod": 2,
                        "handleOldColoring": false,
                        "id": "extModel14118-3",
                        "isStringMetric": false,
                        "metricKey": "vmop|locationChange|numChangeHostDS_latest",
                        "metricName": "Number of VM Operations|Location|VM Host and Datastore Change (powered-off VMs)",
                        "orangeBound": null,
                        "redBound": null,
                        "resourceKindId": "resourceKind:id:2_::_",
                        "resourceKindName": "vSphere World",
                        "yellowBound": null
                     },
                     {
                        "colorMethod": 2,
                        "handleOldColoring": false,
                        "id": "extModel14118-4",
                        "isStringMetric": false,
                        "metricKey": "vmop|locationChange|numXVMotion_latest",
                        "metricName": "Number of VM Operations|Location|VM Host and Datastore Change (powered-on VMs)",
                        "orangeBound": null,
                        "redBound": null,
                        "resourceKindId": "resourceKind:id:2_::_",
                        "resourceKindName": "vSphere World",
                        "yellowBound": null
                     },
                     {
                        "colorMethod": 2,
                        "handleOldColoring": false,
                        "id": "extModel14118-5",
                        "isStringMetric": false,
                        "metricKey": "vmop|locationChange|numChangeHost_latest",
                        "metricName": "Number of VM Operations|Location|VM Host Change (powered-off VMs)",
                        "orangeBound": null,
                        "redBound": null,
                        "resourceKindId": "resourceKind:id:2_::_",
                        "resourceKindName": "vSphere World",
                        "yellowBound": null
                     },
                     {
                        "colorMethod": 2,
                        "handleOldColoring": false,
                        "id": "extModel14118-6",
                        "isStringMetric": false,
                        "metricKey": "vmop|locationChange|numVMotion_latest",
                        "metricName": "Number of VM Operations|Location|vMotion",
                        "orangeBound": null,
                        "redBound": null,
                        "resourceKindId": "resourceKind:id:2_::_",
                        "resourceKindName": "vSphere World",
                        "yellowBound": null
                     },
                     {
                        "colorMethod": 2,
                        "handleOldColoring": false,
                        "id": "extModel18824-1",
                        "isStringMetric": false,
                        "metricKey": "vmop|locationChange|numSVMotion_latest",
                        "metricName": "Number of VM Operations|Location|Storage vMotion",
                        "orangeBound": null,
                        "redBound": null,
                        "resourceKindId": "resourceKind:id:1_::_",
                        "resourceKindName": "vCenter Server",
                        "yellowBound": null
                     },
                     {
                        "colorMethod": 2,
                        "handleOldColoring": false,
                        "id": "extModel18824-2",
                        "isStringMetric": false,
                        "metricKey": "vmop|locationChange|numChangeDS_latest",
                        "metricName": "Number of VM Operations|Location|VM Datastore Change (powered-off VMs)",
                        "orangeBound": null,
                        "redBound": null,
                        "resourceKindId": "resourceKind:id:1_::_",
                        "resourceKindName": "vCenter Server",
                        "yellowBound": null
                     },
                     {
                        "colorMethod": 2,
                        "handleOldColoring": false,
                        "id": "extModel18824-3",
                        "isStringMetric": false,
                        "metricKey": "vmop|locationChange|numChangeHostDS_latest",
                        "metricName": "Number of VM Operations|Location|VM Host and Datastore Change (powered-off VMs)",
                        "orangeBound": null,
                        "redBound": null,
                        "resourceKindId": "resourceKind:id:1_::_",
                        "resourceKindName": "vCenter Server",
                        "yellowBound": null
                     },
                     {
                        "colorMethod": 2,
                        "handleOldColoring": false,
                        "id": "extModel18824-4",
                        "isStringMetric": false,
                        "metricKey": "vmop|locationChange|numXVMotion_latest",
                        "metricName": "Number of VM Operations|Location|VM Host and Datastore Change (powered-on VMs)",
                        "orangeBound": null,
                        "redBound": null,
                        "resourceKindId": "resourceKind:id:1_::_",
                        "resourceKindName": "vCenter Server",
                        "yellowBound": null
                     },
                     {
                        "colorMethod": 2,
                        "handleOldColoring": false,
                        "id": "extModel18824-5",
                        "isStringMetric": false,
                        "metricKey": "vmop|locationChange|numChangeHost_latest",
                        "metricName": "Number of VM Operations|Location|VM Host Change (powered-off VMs)",
                        "orangeBound": null,
                        "redBound": null,
                        "resourceKindId": "resourceKind:id:1_::_",
                        "resourceKindName": "vCenter Server",
                        "yellowBound": null
                     },
                     {
                        "colorMethod": 2,
                        "handleOldColoring": false,
                        "id": "extModel18824-6",
                        "isStringMetric": false,
                        "metricKey": "vmop|locationChange|numVMotion_latest",
                        "metricName": "Number of VM Operations|Location|vMotion",
                        "orangeBound": null,
                        "redBound": null,
                        "resourceKindId": "resourceKind:id:1_::_",
                        "resourceKindName": "vCenter Server",
                        "yellowBound": null
                     },
                     {
                        "colorMethod": 2,
                        "handleOldColoring": false,
                        "id": "extModel18824-7",
                        "isStringMetric": false,
                        "metricKey": "vmop|locationChange|numSVMotion_latest",
                        "metricName": "Number of VM Operations|Location|Storage vMotion",
                        "orangeBound": null,
                        "redBound": null,
                        "resourceKindId": "resourceKind:id:0_::_",
                        "resourceKindName": "Datacenter",
                        "yellowBound": null
                     },
                     {
                        "colorMethod": 2,
                        "handleOldColoring": false,
                        "id": "extModel18824-8",
                        "isStringMetric": false,
                        "metricKey": "vmop|locationChange|numChangeDS_latest",
                        "metricName": "Number of VM Operations|Location|VM Datastore Change (powered-off VMs)",
                        "orangeBound": null,
                        "redBound": null,
                        "resourceKindId": "resourceKind:id:0_::_",
                        "resourceKindName": "Datacenter",
                        "yellowBound": null
                     },
                     {
                        "colorMethod": 2,
                        "handleOldColoring": false,
                        "id": "extModel18824-9",
                        "isStringMetric": false,
                        "metricKey": "vmop|locationChange|numChangeHostDS_latest",
                        "metricName": "Number of VM Operations|Location|VM Host and Datastore Change (powered-off VMs)",
                        "orangeBound": null,
                        "redBound": null,
                        "resourceKindId": "resourceKind:id:0_::_",
                        "resourceKindName": "Datacenter",
                        "yellowBound": null
                     },
                     {
                        "colorMethod": 2,
                        "handleOldColoring": false,
                        "id": "extModel18824-10",
                        "isStringMetric": false,
                        "metricKey": "vmop|locationChange|numXVMotion_latest",
                        "metricName": "Number of VM Operations|Location|VM Host and Datastore Change (powered-on VMs)",
                        "orangeBound": null,
                        "redBound": null,
                        "resourceKindId": "resourceKind:id:0_::_",
                        "resourceKindName": "Datacenter",
                        "yellowBound": null
                     },
                     {
                        "colorMethod": 2,
                        "handleOldColoring": false,
                        "id": "extModel18824-11",
                        "isStringMetric": false,
                        "metricKey": "vmop|locationChange|numChangeHost_latest",
                        "metricName": "Number of VM Operations|Location|VM Host Change (powered-off VMs)",
                        "orangeBound": null,
                        "redBound": null,
                        "resourceKindId": "resourceKind:id:0_::_",
                        "resourceKindName": "Datacenter",
                        "yellowBound": null
                     },
                     {
                        "colorMethod": 2,
                        "handleOldColoring": false,
                        "id": "extModel18824-12",
                        "isStringMetric": false,
                        "metricKey": "vmop|locationChange|numVMotion_latest",
                        "metricName": "Number of VM Operations|Location|vMotion",
                        "orangeBound": null,
                        "redBound": null,
                        "resourceKindId": "resourceKind:id:0_::_",
                        "resourceKindName": "Datacenter",
                        "yellowBound": null
                     },
                     {
                        "colorMethod": 2,
                        "handleOldColoring": false,
                        "id": "extModel18824-13",
                        "isStringMetric": false,
                        "metricKey": "vmop|locationChange|numSVMotion_latest",
                        "metricName": "Number of VM Operations|Location|Storage vMotion",
                        "orangeBound": null,
                        "redBound": null,
                        "resourceKindId": "resourceKind:id:3_::_",
                        "resourceKindName": "Cluster Compute Resource",
                        "yellowBound": null
                     },
                     {
                        "colorMethod": 2,
                        "handleOldColoring": false,
                        "id": "extModel18824-14",
                        "isStringMetric": false,
                        "metricKey": "vmop|locationChange|numChangeDS_latest",
                        "metricName": "Number of VM Operations|Location|VM Datastore Change (powered-off VMs)",
                        "orangeBound": null,
                        "redBound": null,
                        "resourceKindId": "resourceKind:id:3_::_",
                        "resourceKindName": "Cluster Compute Resource",
                        "yellowBound": null
                     },
                     {
                        "colorMethod": 2,
                        "handleOldColoring": false,
                        "id": "extModel18824-15",
                        "isStringMetric": false,
                        "metricKey": "vmop|locationChange|numChangeHostDS_latest",
                        "metricName": "Number of VM Operations|Location|VM Host and Datastore Change (powered-off VMs)",
                        "orangeBound": null,
                        "redBound": null,
                        "resourceKindId": "resourceKind:id:3_::_",
                        "resourceKindName": "Cluster Compute Resource",
                        "yellowBound": null
                     },
                     {
                        "colorMethod": 2,
                        "handleOldColoring": false,
                        "id": "extModel18824-16",
                        "isStringMetric": false,
                        "metricKey": "vmop|locationChange|numXVMotion_latest",
                        "metricName": "Number of VM Operations|Location|VM Host and Datastore Change (powered-on VMs)",
                        "orangeBound": null,
                        "redBound": null,
                        "resourceKindId": "resourceKind:id:3_::_",
                        "resourceKindName": "Cluster Compute Resource",
                        "yellowBound": null
                     },
                     {
                        "colorMethod": 2,
                        "handleOldColoring": false,
                        "id": "extModel18824-17",
                        "isStringMetric": false,
                        "metricKey": "vmop|locationChange|numChangeHost_latest",
                        "metricName": "Number of VM Operations|Location|VM Host Change (powered-off VMs)",
                        "orangeBound": null,
                        "redBound": null,
                        "resourceKindId": "resourceKind:id:3_::_",
                        "resourceKindName": "Cluster Compute Resource",
                        "yellowBound": null
                     },
                     {
                        "colorMethod": 2,
                        "handleOldColoring": false,
                        "id": "extModel18824-18",
                        "isStringMetric": false,
                        "metricKey": "vmop|locationChange|numVMotion_latest",
                        "metricName": "Number of VM Operations|Location|vMotion",
                        "orangeBound": null,
                        "redBound": null,
                        "resourceKindId": "resourceKind:id:3_::_",
                        "resourceKindName": "Cluster Compute Resource",
                        "yellowBound": null
                     }
                  ],
                  "resourceMetrics": [],
                  "subMode": "resourceKindAll"
               },
               "refreshContent": {"refreshContent": false},
               "refreshInterval": 300,
               "relationshipMode": {"relationshipMode": 0},
               "resInteractionMode": null,
               "resource": [],
               "selfProvider": {"selfProvider": false},
               "title": "Migration Operations"
            },
            "gridsterCoords": {
               "h": 10,
               "w": 4,
               "x": 5,
               "y": 8
            },
            "height": 551,
            "id": "54387c83-8fc4-4eb0-9b70-3043d41d3b58",
            "states": [
               {
                  "key": "permBtn_pan_permMetricChart_widget_6c538de8-6488-49c0-b369-b546a101a322_54387c83-8fc4-4eb0-9b70-3043d41d3b58",
                  "value": "b%3A0"
               },
               {
                  "key": "permBtn_zoomAllGraphs_permMetricChart_widget_6c538de8-6488-49c0-b369-b546a101a322_54387c83-8fc4-4eb0-9b70-3043d41d3b58",
                  "value": "b%3A0"
               },
               {
                  "key": "permDateRange1_permMetricChart_widget_6c538de8-6488-49c0-b369-b546a101a322_54387c83-8fc4-4eb0-9b70-3043d41d3b58",
                  "value": "s%3A%7B%22dateRange%22%3A%22dashboardTime%22%2C%22dateFrom%22%3Anull%2C%22dateTo%22%3Anull%2C%22timeFrom%22%3Anull%2C%22timeTo%22%3Anull%7D"
               },
               {
                  "key": "permMetricChart_widget_6c538de8-6488-49c0-b369-b546a101a322_54387c83-8fc4-4eb0-9b70-3043d41d3b58",
                  "value": "o%3A"
               },
               {
                  "key": "perm_toolbarVisible_widget_6c538de8-6488-49c0-b369-b546a101a322_54387c83-8fc4-4eb0-9b70-3043d41d3b58",
                  "value": "b%3A1"
               },
               {
                  "key": "permBtn_splitGraphs_permMetricChart_widget_6c538de8-6488-49c0-b369-b546a101a322_54387c83-8fc4-4eb0-9b70-3043d41d3b58",
                  "value": "b%3A0"
               }
            ],
            "title": "Migration Operations",
            "type": "MetricChart"
         },
         {
            "collapsed": false,
            "config": {
               "customFilter": {
                  "excludedResources": null,
                  "filter": [],
                  "includedResources": null
               },
               "depth": 1,
               "metric": {
                  "mode": "resourceKind",
                  "resourceKindMetrics": [
                     {
                        "colorMethod": 2,
                        "handleOldColoring": false,
                        "id": "extModel14820-1",
                        "isStringMetric": false,
                        "metricKey": "vmop|stateChange|numRebootGuest_latest",
                        "metricName": "Number of VM Operations|State|VM Guest Reboot",
                        "orangeBound": null,
                        "redBound": null,
                        "resourceKindId": "resourceKind:id:2_::_",
                        "resourceKindName": "vSphere World",
                        "yellowBound": null
                     },
                     {
                        "colorMethod": 2,
                        "handleOldColoring": false,
                        "id": "extModel14820-2",
                        "isStringMetric": false,
                        "metricKey": "vmop|stateChange|numShutdownGuest_latest",
                        "metricName": "Number of VM Operations|State|VM Guest Shutdown",
                        "orangeBound": null,
                        "redBound": null,
                        "resourceKindId": "resourceKind:id:2_::_",
                        "resourceKindName": "vSphere World",
                        "yellowBound": null
                     },
                     {
                        "colorMethod": 2,
                        "handleOldColoring": false,
                        "id": "extModel14820-3",
                        "isStringMetric": false,
                        "metricKey": "vmop|stateChange|numPoweroff_latest",
                        "metricName": "Number of VM Operations|State|VM Power Off",
                        "orangeBound": null,
                        "redBound": null,
                        "resourceKindId": "resourceKind:id:2_::_",
                        "resourceKindName": "vSphere World",
                        "yellowBound": null
                     },
                     {
                        "colorMethod": 2,
                        "handleOldColoring": false,
                        "id": "extModel14820-4",
                        "isStringMetric": false,
                        "metricKey": "vmop|stateChange|numPoweron_latest",
                        "metricName": "Number of VM Operations|State|VM Power On",
                        "orangeBound": null,
                        "redBound": null,
                        "resourceKindId": "resourceKind:id:2_::_",
                        "resourceKindName": "vSphere World",
                        "yellowBound": null
                     },
                     {
                        "colorMethod": 2,
                        "handleOldColoring": false,
                        "id": "extModel14820-5",
                        "isStringMetric": false,
                        "metricKey": "vmop|stateChange|numReset_latest",
                        "metricName": "Number of VM Operations|State|VM Reset",
                        "orangeBound": null,
                        "redBound": null,
                        "resourceKindId": "resourceKind:id:2_::_",
                        "resourceKindName": "vSphere World",
                        "yellowBound": null
                     },
                     {
                        "colorMethod": 2,
                        "handleOldColoring": false,
                        "id": "extModel14820-6",
                        "isStringMetric": false,
                        "metricKey": "vmop|stateChange|numStandbyGuest_latest",
                        "metricName": "Number of VM Operations|State|VM Standby Guest",
                        "orangeBound": null,
                        "redBound": null,
                        "resourceKindId": "resourceKind:id:2_::_",
                        "resourceKindName": "vSphere World",
                        "yellowBound": null
                     },
                     {
                        "colorMethod": 2,
                        "handleOldColoring": false,
                        "id": "extModel14820-7",
                        "isStringMetric": false,
                        "metricKey": "vmop|stateChange|numSuspend_latest",
                        "metricName": "Number of VM Operations|State|VM Suspend",
                        "orangeBound": null,
                        "redBound": null,
                        "resourceKindId": "resourceKind:id:2_::_",
                        "resourceKindName": "vSphere World",
                        "yellowBound": null
                     },
                     {
                        "colorMethod": 2,
                        "handleOldColoring": false,
                        "id": "extModel19529-13",
                        "isStringMetric": false,
                        "metricKey": "vmop|stateChange|numRebootGuest_latest",
                        "metricName": "Number of VM Operations|State|VM Guest Reboot",
                        "orangeBound": null,
                        "redBound": null,
                        "resourceKindId": "resourceKind:id:1_::_",
                        "resourceKindName": "vCenter Server",
                        "yellowBound": null
                     },
                     {
                        "colorMethod": 2,
                        "handleOldColoring": false,
                        "id": "extModel19529-14",
                        "isStringMetric": false,
                        "metricKey": "vmop|stateChange|numShutdownGuest_latest",
                        "metricName": "Number of VM Operations|State|VM Guest Shutdown",
                        "orangeBound": null,
                        "redBound": null,
                        "resourceKindId": "resourceKind:id:1_::_",
                        "resourceKindName": "vCenter Server",
                        "yellowBound": null
                     },
                     {
                        "colorMethod": 2,
                        "handleOldColoring": false,
                        "id": "extModel19529-15",
                        "isStringMetric": false,
                        "metricKey": "vmop|stateChange|numPoweroff_latest",
                        "metricName": "Number of VM Operations|State|VM Power Off",
                        "orangeBound": null,
                        "redBound": null,
                        "resourceKindId": "resourceKind:id:1_::_",
                        "resourceKindName": "vCenter Server",
                        "yellowBound": null
                     },
                     {
                        "colorMethod": 2,
                        "handleOldColoring": false,
                        "id": "extModel19529-16",
                        "isStringMetric": false,
                        "metricKey": "vmop|stateChange|numPoweron_latest",
                        "metricName": "Number of VM Operations|State|VM Power On",
                        "orangeBound": null,
                        "redBound": null,
                        "resourceKindId": "resourceKind:id:1_::_",
                        "resourceKindName": "vCenter Server",
                        "yellowBound": null
                     },
                     {
                        "colorMethod": 2,
                        "handleOldColoring": false,
                        "id": "extModel19529-17",
                        "isStringMetric": false,
                        "metricKey": "vmop|stateChange|numReset_latest",
                        "metricName": "Number of VM Operations|State|VM Reset",
                        "orangeBound": null,
                        "redBound": null,
                        "resourceKindId": "resourceKind:id:1_::_",
                        "resourceKindName": "vCenter Server",
                        "yellowBound": null
                     },
                     {
                        "colorMethod": 2,
                        "handleOldColoring": false,
                        "id": "extModel19529-18",
                        "isStringMetric": false,
                        "metricKey": "vmop|stateChange|numStandbyGuest_latest",
                        "metricName": "Number of VM Operations|State|VM Standby Guest",
                        "orangeBound": null,
                        "redBound": null,
                        "resourceKindId": "resourceKind:id:1_::_",
                        "resourceKindName": "vCenter Server",
                        "yellowBound": null
                     },
                     {
                        "colorMethod": 2,
                        "handleOldColoring": false,
                        "id": "extModel19529-19",
                        "isStringMetric": false,
                        "metricKey": "vmop|stateChange|numSuspend_latest",
                        "metricName": "Number of VM Operations|State|VM Suspend",
                        "orangeBound": null,
                        "redBound": null,
                        "resourceKindId": "resourceKind:id:1_::_",
                        "resourceKindName": "vCenter Server",
                        "yellowBound": null
                     },
                     {
                        "colorMethod": 2,
                        "handleOldColoring": false,
                        "id": "extModel19529-20",
                        "isStringMetric": false,
                        "metricKey": "vmop|stateChange|numRebootGuest_latest",
                        "metricName": "Number of VM Operations|State|VM Guest Reboot",
                        "orangeBound": null,
                        "redBound": null,
                        "resourceKindId": "resourceKind:id:0_::_",
                        "resourceKindName": "Datacenter",
                        "yellowBound": null
                     },
                     {
                        "colorMethod": 2,
                        "handleOldColoring": false,
                        "id": "extModel19529-21",
                        "isStringMetric": false,
                        "metricKey": "vmop|stateChange|numShutdownGuest_latest",
                        "metricName": "Number of VM Operations|State|VM Guest Shutdown",
                        "orangeBound": null,
                        "redBound": null,
                        "resourceKindId": "resourceKind:id:0_::_",
                        "resourceKindName": "Datacenter",
                        "yellowBound": null
                     },
                     {
                        "colorMethod": 2,
                        "handleOldColoring": false,
                        "id": "extModel19529-22",
                        "isStringMetric": false,
                        "metricKey": "vmop|stateChange|numPoweroff_latest",
                        "metricName": "Number of VM Operations|State|VM Power Off",
                        "orangeBound": null,
                        "redBound": null,
                        "resourceKindId": "resourceKind:id:0_::_",
                        "resourceKindName": "Datacenter",
                        "yellowBound": null
                     },
                     {
                        "colorMethod": 2,
                        "handleOldColoring": false,
                        "id": "extModel19529-23",
                        "isStringMetric": false,
                        "metricKey": "vmop|stateChange|numPoweron_latest",
                        "metricName": "Number of VM Operations|State|VM Power On",
                        "orangeBound": null,
                        "redBound": null,
                        "resourceKindId": "resourceKind:id:0_::_",
                        "resourceKindName": "Datacenter",
                        "yellowBound": null
                     },
                     {
                        "colorMethod": 2,
                        "handleOldColoring": false,
                        "id": "extModel19529-24",
                        "isStringMetric": false,
                        "metricKey": "vmop|stateChange|numReset_latest",
                        "metricName": "Number of VM Operations|State|VM Reset",
                        "orangeBound": null,
                        "redBound": null,
                        "resourceKindId": "resourceKind:id:0_::_",
                        "resourceKindName": "Datacenter",
                        "yellowBound": null
                     },
                     {
                        "colorMethod": 2,
                        "handleOldColoring": false,
                        "id": "extModel19529-25",
                        "isStringMetric": false,
                        "metricKey": "vmop|stateChange|numStandbyGuest_latest",
                        "metricName": "Number of VM Operations|State|VM Standby Guest",
                        "orangeBound": null,
                        "redBound": null,
                        "resourceKindId": "resourceKind:id:0_::_",
                        "resourceKindName": "Datacenter",
                        "yellowBound": null
                     },
                     {
                        "colorMethod": 2,
                        "handleOldColoring": false,
                        "id": "extModel19529-26",
                        "isStringMetric": false,
                        "metricKey": "vmop|stateChange|numSuspend_latest",
                        "metricName": "Number of VM Operations|State|VM Suspend",
                        "orangeBound": null,
                        "redBound": null,
                        "resourceKindId": "resourceKind:id:0_::_",
                        "resourceKindName": "Datacenter",
                        "yellowBound": null
                     },
                     {
                        "colorMethod": 2,
                        "handleOldColoring": false,
                        "id": "extModel19529-27",
                        "isStringMetric": false,
                        "metricKey": "vmop|stateChange|numRebootGuest_latest",
                        "metricName": "Number of VM Operations|State|VM Guest Reboot",
                        "orangeBound": null,
                        "redBound": null,
                        "resourceKindId": "resourceKind:id:3_::_",
                        "resourceKindName": "Cluster Compute Resource",
                        "yellowBound": null
                     },
                     {
                        "colorMethod": 2,
                        "handleOldColoring": false,
                        "id": "extModel19529-28",
                        "isStringMetric": false,
                        "metricKey": "vmop|stateChange|numShutdownGuest_latest",
                        "metricName": "Number of VM Operations|State|VM Guest Shutdown",
                        "orangeBound": null,
                        "redBound": null,
                        "resourceKindId": "resourceKind:id:3_::_",
                        "resourceKindName": "Cluster Compute Resource",
                        "yellowBound": null
                     },
                     {
                        "colorMethod": 2,
                        "handleOldColoring": false,
                        "id": "extModel19529-29",
                        "isStringMetric": false,
                        "metricKey": "vmop|stateChange|numPoweroff_latest",
                        "metricName": "Number of VM Operations|State|VM Power Off",
                        "orangeBound": null,
                        "redBound": null,
                        "resourceKindId": "resourceKind:id:3_::_",
                        "resourceKindName": "Cluster Compute Resource",
                        "yellowBound": null
                     },
                     {
                        "colorMethod": 2,
                        "handleOldColoring": false,
                        "id": "extModel19529-30",
                        "isStringMetric": false,
                        "metricKey": "vmop|stateChange|numPoweron_latest",
                        "metricName": "Number of VM Operations|State|VM Power On",
                        "orangeBound": null,
                        "redBound": null,
                        "resourceKindId": "resourceKind:id:3_::_",
                        "resourceKindName": "Cluster Compute Resource",
                        "yellowBound": null
                     },
                     {
                        "colorMethod": 2,
                        "handleOldColoring": false,
                        "id": "extModel19529-31",
                        "isStringMetric": false,
                        "metricKey": "vmop|stateChange|numReset_latest",
                        "metricName": "Number of VM Operations|State|VM Reset",
                        "orangeBound": null,
                        "redBound": null,
                        "resourceKindId": "resourceKind:id:3_::_",
                        "resourceKindName": "Cluster Compute Resource",
                        "yellowBound": null
                     },
                     {
                        "colorMethod": 2,
                        "handleOldColoring": false,
                        "id": "extModel19529-32",
                        "isStringMetric": false,
                        "metricKey": "vmop|stateChange|numStandbyGuest_latest",
                        "metricName": "Number of VM Operations|State|VM Standby Guest",
                        "orangeBound": null,
                        "redBound": null,
                        "resourceKindId": "resourceKind:id:3_::_",
                        "resourceKindName": "Cluster Compute Resource",
                        "yellowBound": null
                     },
                     {
                        "colorMethod": 2,
                        "handleOldColoring": false,
                        "id": "extModel19529-33",
                        "isStringMetric": false,
                        "metricKey": "vmop|stateChange|numSuspend_latest",
                        "metricName": "Number of VM Operations|State|VM Suspend",
                        "orangeBound": null,
                        "redBound": null,
                        "resourceKindId": "resourceKind:id:3_::_",
                        "resourceKindName": "Cluster Compute Resource",
                        "yellowBound": null
                     }
                  ],
                  "resourceMetrics": [],
                  "subMode": "resourceKindAll"
               },
               "refreshContent": {"refreshContent": false},
               "refreshInterval": 300,
               "relationshipMode": {"relationshipMode": 0},
               "resInteractionMode": null,
               "resource": [],
               "selfProvider": {"selfProvider": false},
               "title": "State Change Operations"
            },
            "gridsterCoords": {
               "h": 10,
               "w": 4,
               "x": 9,
               "y": 8
            },
            "height": 551,
            "id": "04ebaa8a-ca2a-4a94-bdd5-ec72dd099696",
            "states": [
               {
                  "key": "perm_toolbarVisible_widget_6c538de8-6488-49c0-b369-b546a101a322_04ebaa8a-ca2a-4a94-bdd5-ec72dd099696",
                  "value": "b%3A1"
               },
               {
                  "key": "permDateRange1_permMetricChart_widget_6c538de8-6488-49c0-b369-b546a101a322_04ebaa8a-ca2a-4a94-bdd5-ec72dd099696",
                  "value": "s%3A%7B%22dateRange%22%3A%22dashboardTime%22%2C%22dateFrom%22%3Anull%2C%22dateTo%22%3Anull%2C%22timeFrom%22%3Anull%2C%22timeTo%22%3Anull%7D"
               },
               {
                  "key": "permBtn_pan_permMetricChart_widget_6c538de8-6488-49c0-b369-b546a101a322_04ebaa8a-ca2a-4a94-bdd5-ec72dd099696",
                  "value": "b%3A0"
               },
               {
                  "key": "permBtn_zoomAllGraphs_permMetricChart_widget_6c538de8-6488-49c0-b369-b546a101a322_04ebaa8a-ca2a-4a94-bdd5-ec72dd099696",
                  "value": "b%3A0"
               },
               {
                  "key": "permMetricChart_widget_6c538de8-6488-49c0-b369-b546a101a322_04ebaa8a-ca2a-4a94-bdd5-ec72dd099696",
                  "value": "o%3A"
               },
               {
                  "key": "permBtn_splitGraphs_permMetricChart_widget_6c538de8-6488-49c0-b369-b546a101a322_04ebaa8a-ca2a-4a94-bdd5-ec72dd099696",
                  "value": "b%3A0"
               }
            ],
            "title": "State Change Operations",
            "type": "MetricChart"
         },
         {
            "collapsed": false,
            "config": {
               "boxColumns": 2,
               "boxHeight": null,
               "customFilter": {
                  "excludedResources": null,
                  "filter": [],
                  "includedResources": null
               },
               "depth": 1,
               "labelSize": 16,
               "maxCellCount": 100,
               "metric": {
                  "mode": "resourceKind",
                  "resourceKindMetrics": [
                     {
                        "colorMethod": 1,
                        "handleOldColoring": false,
                        "id": "extModel13281-1",
                        "isStringMetric": false,
                        "link": "",
                        "metricKey": "summary|number_running_vms",
                        "metricName": "Summary|Number of Running VMs",
                        "orangeBound": null,
                        "redBound": null,
                        "resourceKindId": "resourceKind:id:2_::_",
                        "resourceKindName": "vSphere World",
                        "yellowBound": null
                     },
                     {
                        "colorMethod": 1,
                        "handleOldColoring": false,
                        "id": "extModel17203-1",
                        "isStringMetric": false,
                        "link": "",
                        "metricKey": "summary|total_number_vms",
                        "metricName": "Summary|Total Number of VMs",
                        "orangeBound": null,
                        "redBound": null,
                        "resourceKindId": "resourceKind:id:2_::_",
                        "resourceKindName": "vSphere World",
                        "yellowBound": null
                     },
                     {
                        "colorMethod": 1,
                        "handleOldColoring": false,
                        "id": "extModel13281-4",
                        "isStringMetric": false,
                        "link": "",
                        "metricKey": "summary|number_vm_templates",
                        "metricName": "Summary|Number of VM Templates",
                        "orangeBound": null,
                        "redBound": null,
                        "resourceKindId": "resourceKind:id:2_::_",
                        "resourceKindName": "vSphere World",
                        "yellowBound": null
                     },
                     {
                        "colorMethod": 1,
                        "handleOldColoring": false,
                        "id": "extModel13281-3",
                        "isStringMetric": false,
                        "link": "",
                        "metricKey": "summary|total_number_pods",
                        "metricName": "Summary|Number of Pods",
                        "orangeBound": null,
                        "redBound": null,
                        "resourceKindId": "resourceKind:id:2_::_",
                        "resourceKindName": "vSphere World",
                        "yellowBound": null
                     },
                     {
                        "colorMethod": 1,
                        "handleOldColoring": false,
                        "id": "extModel16394-3",
                        "isStringMetric": false,
                        "link": "",
                        "metricKey": "summary|number_running_vms",
                        "metricName": "Summary|Number of Running VMs",
                        "orangeBound": null,
                        "redBound": null,
                        "resourceKindId": "resourceKind:id:1_::_",
                        "resourceKindName": "vCenter Server",
                        "yellowBound": null
                     },
                     {
                        "colorMethod": 1,
                        "handleOldColoring": false,
                        "id": "extModel17203-3",
                        "isStringMetric": false,
                        "link": "",
                        "metricKey": "summary|total_number_vms",
                        "metricName": "Summary|Total Number of VMs",
                        "orangeBound": null,
                        "redBound": null,
                        "resourceKindId": "resourceKind:id:1_::_",
                        "resourceKindName": "vCenter Server",
                        "yellowBound": null
                     },
                     {
                        "colorMethod": 1,
                        "handleOldColoring": false,
                        "id": "extModel16394-4",
                        "isStringMetric": false,
                        "link": "",
                        "metricKey": "summary|number_vm_templates",
                        "metricName": "Summary|Number of VM Templates",
                        "orangeBound": null,
                        "redBound": null,
                        "resourceKindId": "resourceKind:id:1_::_",
                        "resourceKindName": "vCenter Server",
                        "yellowBound": null
                     },
                     {
                        "colorMethod": 1,
                        "handleOldColoring": false,
                        "id": "extModel16394-1",
                        "isStringMetric": false,
                        "link": "",
                        "metricKey": "summary|total_number_pods",
                        "metricName": "Summary|Number of Pods",
                        "orangeBound": null,
                        "redBound": null,
                        "resourceKindId": "resourceKind:id:1_::_",
                        "resourceKindName": "vCenter Server",
                        "yellowBound": null
                     },
                     {
                        "colorMethod": 1,
                        "handleOldColoring": false,
                        "id": "extModel16394-6",
                        "isStringMetric": false,
                        "link": "",
                        "metricKey": "summary|number_running_vms",
                        "metricName": "Summary|Number of Running VMs",
                        "orangeBound": null,
                        "redBound": null,
                        "resourceKindId": "resourceKind:id:0_::_",
                        "resourceKindName": "Datacenter",
                        "yellowBound": null
                     },
                     {
                        "colorMethod": 1,
                        "handleOldColoring": false,
                        "id": "extModel17203-2",
                        "isStringMetric": false,
                        "link": "",
                        "metricKey": "summary|total_number_vms",
                        "metricName": "Summary|Total Number of VMs",
                        "orangeBound": null,
                        "redBound": null,
                        "resourceKindId": "resourceKind:id:0_::_",
                        "resourceKindName": "Datacenter",
                        "yellowBound": null
                     },
                     {
                        "colorMethod": 1,
                        "handleOldColoring": false,
                        "id": "extModel16394-5",
                        "isStringMetric": false,
                        "link": "",
                        "metricKey": "summary|number_vm_templates",
                        "metricName": "Summary|Number of VM Templates",
                        "orangeBound": null,
                        "redBound": null,
                        "resourceKindId": "resourceKind:id:0_::_",
                        "resourceKindName": "Datacenter",
                        "yellowBound": null
                     },
                     {
                        "colorMethod": 1,
                        "handleOldColoring": false,
                        "id": "extModel16394-8",
                        "isStringMetric": false,
                        "link": "",
                        "metricKey": "summary|total_number_pods",
                        "metricName": "Summary|Number of Pods",
                        "orangeBound": null,
                        "redBound": null,
                        "resourceKindId": "resourceKind:id:0_::_",
                        "resourceKindName": "Datacenter",
                        "yellowBound": null
                     },
                     {
                        "colorMethod": 1,
                        "handleOldColoring": false,
                        "id": "extModel16394-10",
                        "isStringMetric": false,
                        "link": "",
                        "metricKey": "summary|number_running_vms",
                        "metricName": "Summary|Number of Running VMs",
                        "orangeBound": null,
                        "redBound": null,
                        "resourceKindId": "resourceKind:id:3_::_",
                        "resourceKindName": "Cluster Compute Resource",
                        "yellowBound": null
                     },
                     {
                        "colorMethod": 1,
                        "handleOldColoring": false,
                        "id": "extModel16394-12",
                        "isStringMetric": false,
                        "link": "",
                        "metricKey": "summary|total_number_vms",
                        "metricName": "Summary|Total Number of VMs",
                        "orangeBound": null,
                        "redBound": null,
                        "resourceKindId": "resourceKind:id:3_::_",
                        "resourceKindName": "Cluster Compute Resource",
                        "yellowBound": null
                     },
                     {
                        "colorMethod": 1,
                        "handleOldColoring": false,
                        "id": "extModel16394-9",
                        "isStringMetric": false,
                        "link": "",
                        "metricKey": "summary|number_vm_templates",
                        "metricName": "Summary|Number of VM Templates",
                        "orangeBound": null,
                        "redBound": null,
                        "resourceKindId": "resourceKind:id:3_::_",
                        "resourceKindName": "Cluster Compute Resource",
                        "yellowBound": null
                     },
                     {
                        "colorMethod": 1,
                        "handleOldColoring": false,
                        "id": "extModel16394-11",
                        "isStringMetric": false,
                        "link": "",
                        "metricKey": "summary|total_number_pods",
                        "metricName": "Summary|Number of Pods",
                        "orangeBound": null,
                        "redBound": null,
                        "resourceKindId": "resourceKind:id:3_::_",
                        "resourceKindName": "Cluster Compute Resource",
                        "yellowBound": null
                     }
                  ],
                  "resourceMetrics": [],
                  "subMode": "resourceKindAll"
               },
               "mode": {"layoutMode": "fixedView"},
               "oldMetricValues": false,
               "periodLength": "dashboardTime",
               "refreshContent": {"refreshContent": false},
               "refreshInterval": 300,
               "relationshipMode": {"relationshipMode": 0},
               "resInteractionMode": null,
               "resource": [],
               "roundDecimals": null,
               "selfProvider": {"selfProvider": false},
               "showDT": {"showDT": false},
               "showMetricName": {"showMetricName": true},
               "showMetricUnit": {"showMetricUnit": true},
               "showResourceName": {"showResourceName": false},
               "showSparkline": {"showSparkline": true},
               "title": "Scoreboard",
               "valueSize": 24,
               "visualTheme": 8
            },
            "gridsterCoords": {
               "h": 7,
               "w": 9,
               "x": 4,
               "y": 1
            },
            "height": 381,
            "id": "68359a3d-4245-450b-99d7-5a6f5648845e",
            "title": "Scoreboard",
            "type": "Scoreboard"
         }
      ]
   }],
   "entries": {"resourceKind": [
      {
         "adapterKindKey": "VMWARE",
         "internalId": "resourceKind:id:0_::_",
         "resourceKindKey": "Datacenter"
      },
      {
         "adapterKindKey": "VMWARE",
         "internalId": "resourceKind:id:1_::_",
         "resourceKindKey": "VMwareAdapter Instance"
      },
      {
         "adapterKindKey": "VMWARE",
         "internalId": "resourceKind:id:3_::_",
         "resourceKindKey": "ClusterComputeResource"
      },
      {
         "adapterKindKey": "VMWARE",
         "internalId": "resourceKind:id:2_::_",
         "resourceKindKey": "vSphere World"
      }
   ]},
   "uuid": "55d2406a-4fd1-411f-9146-18446f23e49b"
}